name,module,course
实数理论简介,函数,数学分析I
确界存在定理,函数,数学分析I
函数概念与基本性质,函数,数学分析I
初等函数,函数,数学分析I
序列极限定义,序列极限,数学分析I
无穷小量与无穷大量,序列极限,数学分析I
序列极限的性质,序列极限,数学分析I
单调有界序列,序列极限,数学分析I
实数系连续性的基本定理,序列极限,数学分析I
$Cauchy$收敛准则,序列极限,数学分析I
序列的上，下极限,序列极限,数学分析I
函数极限的定义与推广,函数的极限与连续性,数学分析I
函数极限的性质,函数的极限与连续性,数学分析I
数列极限与函数极限的关系,函数的极限与连续性,数学分析I
函数极限存在性定理及两个重要极限,函数的极限与连续性,数学分析I
函数的连续与间断,函数的极限与连续性,数学分析I
连续函数的基本性质与初等函数的连续性,函数的极限与连续性,数学分析I
闭区间连续函数的性质,函数的极限与连续性,数学分析I
一致连续函数,函数的极限与连续性,数学分析I
无穷小量与无穷大量的阶,函数的极限与连续性,数学分析I
导数的引入与定义,导数和微分,数学分析I
单侧导数,导数和微分,数学分析I
求导的方法,导数和微分,数学分析I
微分的定义与一阶微分的形式不变性,导数和微分,数学分析I
高阶导数与高阶微分,导数和微分,数学分析I
微分中值定理,导数的应用,数学分析I
$del′Hospitale$法则,导数的应用,数学分析I
$Taylor$公式,导数的应用,数学分析I
利用导数研究函数,导数的应用,数学分析I
原函数,不定积分,数学分析I
不定积分,不定积分,数学分析I
第一换元法,不定积分,数学分析I
第二换元法,不定积分,数学分析I
分部积分法,不定积分,数学分析I
一些常见函数的不定积分,不定积分,数学分析I
有理函数积分,不定积分,数学分析I
定积分概念,定积分,数学分析I
定积分的几何意义,定积分,数学分析I
可积的必要条件,定积分,数学分析I
微积分基本定理,定积分,数学分析I
$Daboux$理论,定积分,数学分析I
可积函数类,定积分,数学分析I
定积分的性质,定积分,数学分析I
变限积分,定积分,数学分析I
分部积分法,定积分,数学分析I
换元法,定积分,数学分析I
定积分第一中值定理,定积分,数学分析I
定积分第二中值定理,定积分,数学分析I
定积分的几何应用,定积分,数学分析I
定积分的物理应用,定积分,数学分析I
数项级数的概念,数项级数,数学分析II
$Cauchy$准则,数项级数,数学分析II
条件收敛性,数项级数,数学分析II
绝对收敛性,数项级数,数学分析II
正项级数收敛的基本判别法,数项级数,数学分析II
任意级数收敛的基本判别法,数项级数,数学分析II
数项级数的性质,数项级数,数学分析II
无穷乘积,数项级数,数学分析II
函数数列与级数研究的基本问题,函数序列与函数级数,数学分析II
一致收敛性的定义,函数序列与函数级数,数学分析II
一致收敛的$Cauchy$准则,函数序列与函数级数,数学分析II
一致收敛的判别法,函数序列与函数级数,数学分析II
一致收敛性的极限函数的性质,函数序列与函数级数,数学分析II
幂级数的收敛半径与收敛域,幂级数,数学分析II
幂级数的性质,幂级数,数学分析II
初等函数的幂级数展开,幂级数,数学分析II
求$Taylor$展式的方法,幂级数,数学分析II
$Weierstrass$逼近定理,幂级数,数学分析II
基本三角函数系,$Fourier$级数,数学分析II
周期函数$Fourier$级数,$Fourier$级数,数学分析II
$Fourier$级数的点收敛,$Fourier$级数,数学分析II
$Dirichlet$积分与收敛的判别法,$Fourier$级数,数学分析II
$Fourier$级数的均方收敛,$Fourier$级数,数学分析II
$Parseval$等式,$Fourier$级数,数学分析II
一致收敛,$Fourier$级数,数学分析II
$\mathbb{R}^{m} $中的点集拓扑初步,"$\mathbb{R}^{n} $中的点集拓扑初步,连续函数",数学分析III
多元函数的极限与连续性,"$\mathbb{R}^{n} $中的点集拓扑初步,连续函数",数学分析III
偏导数,多元函数微分学,数学分析III
全微分,多元函数微分学,数学分析III
微分的几何意义,多元函数微分学,数学分析III
高阶偏导数,多元函数微分学,数学分析III
隐函数求导,多元函数微分学,数学分析III
方向导数与梯度,多元函数微分学,数学分析III
$Taylor$公式,多元函数微分学,数学分析III
向量函数求导,多元函数微分学,数学分析III
隐函数定理,隐函数定理,数学分析III
逆变换定理,隐函数定理,数学分析III
普通极值问题,多元函数的极值问题,数学分析III
条件极值问题,多元函数的极值问题,数学分析III
$Lagrange$乘子法,多元函数的极值问题,数学分析III
最小二乘法,多元函数的极值问题,数学分析III
重积分的定义,重积分,数学分析III
重积分的存在性,重积分,数学分析III
重积分的计算,重积分,数学分析III
累次积分,重积分,数学分析III
广义重积分,重积分,数学分析III
重积分的性质,重积分,数学分析III
第一型曲线积分,"曲线积分,曲面积分与场论初步",数学分析III
第二型曲线积分,"曲线积分,曲面积分与场论初步",数学分析III
第一型曲面积分,"曲线积分,曲面积分与场论初步",数学分析III
第二型曲面积分,"曲线积分,曲面积分与场论初步",数学分析III
$Green$公式,"曲线积分,曲面积分与场论初步",数学分析III
$Gauss$公式,"曲线积分,曲面积分与场论初步",数学分析III
$Stokes$公式,"曲线积分,曲面积分与场论初步",数学分析III
曲线积分与路径无关,"曲线积分,曲面积分与场论初步",数学分析III
微分形式,"曲线积分,曲面积分与场论初步",数学分析III
外微分,"曲线积分,曲面积分与场论初步",数学分析III
微分形式的拉回,"曲线积分,曲面积分与场论初步",数学分析III
微分流形,"曲线积分,曲面积分与场论初步",数学分析III
微分流形上微分形式的积分,"曲线积分,曲面积分与场论初步",数学分析III
集合,集合与欧氏空间的点集,实分析
集合列的极限集,集合与欧氏空间的点集,实分析
集合的基数,集合与欧氏空间的点集,实分析
可数集,集合与欧氏空间的点集,实分析
连续基数,集合与欧氏空间的点集,实分析
欧氏空间,集合与欧氏空间的点集,实分析
$Borel$集,集合与欧氏空间的点集,实分析
$Cantor$集,集合与欧氏空间的点集,实分析
$Lebesgue$外测度,$Lebesgue$测度,实分析
可测集及其性质,$Lebesgue$测度,实分析
可测集与$Borel$集的关系,$Lebesgue$测度,实分析
不可测集介绍,$Lebesgue$测度,实分析
可测函数及其运算,可测函数与可测函数列的收敛,实分析
$Еgorov$定理,可测函数与可测函数列的收敛,实分析
$Lusin$定理,可测函数与可测函数列的收敛,实分析
非负可测函数的积分,$Lebesgue$积分,实分析
$Levi$引理,$Lebesgue$积分,实分析
$Fatou$引理,$Lebesgue$积分,实分析
一般可测函数的积分,$Lebesgue$积分,实分析
积分的绝对连续性,$Lebesgue$积分,实分析
$Lebesgue$控制收敛定理,$Lebesgue$积分,实分析
积分平均连续性,$Lebesgue$积分,实分析
$Lebesgue$积分与$Riemann$积分的关系,$Lebesgue$积分,实分析
$Riemann$可积函数的充分必要条件,$Lebesgue$积分,实分析
重积分与累次积分,$Lebesgue$积分,实分析
$Fubini$定理,$Lebesgue$积分,实分析
单调函数几乎处处可微,微分与积分的关系,实分析
有界变差函数,微分与积分的关系,实分析
变上限积分,微分与积分的关系,实分析
绝对连续函数,微分与积分的关系,实分析
微积分基本定理,微分与积分的关系,实分析
$L_{p}$空间,$L_{p}$空间,实分析
$Hölder$不等式,$L_{p}$空间,实分析
$Minkowski$不等式,$L_{p}$空间,实分析
$L_{p}$空间中的收敛与完备性,$L_{p}$空间,实分析
$L_{p}$空间中的可分性,$L_{p}$空间,实分析
$L_{p}$空间中的平均连续性,$L_{p}$空间,实分析
$L_{2}$空间的内积,$L_{p}$空间,实分析
正交系与广义$Fourier$级数,$L_{p}$空间,实分析
$Bessel$不等式与$Paseval$等式,$L_{p}$空间,实分析
复数的表示和运算,复数及扩充复平面,复分析
复平面的完备性,复数及扩充复平面,复分析
复变量,复数及扩充复平面,复分析
圆和直线方程及其对称点,复数及扩充复平面,复分析
扩充复平面,复数及扩充复平面,复分析
复值连续函数,复数及扩充复平面,复分析
复函数关于复变量的导数,解析函数定义及基本性质,复分析
导数的几何意义,解析函数定义及基本性质,复分析
$Cauchy-Riemann$方程,解析函数定义及基本性质,复分析
单连通区域上处处不为零的解析函数的对数和根式,解析函数定义及基本性质,复分析
分式线性变换,解析函数定义及基本性质,复分析
初等解析函数,解析函数定义及基本性质,复分析
简单$Riemann$面,解析函数定义及基本性质,复分析
路径积分,$Cauchy$定理和$Cauchy$公式,复分析
$Green$公式,$Cauchy$定理和$Cauchy$公式,复分析
$Cauchy$定理,$Cauchy$定理和$Cauchy$公式,复分析
$Cauchy$公式,$Cauchy$定理和$Cauchy$公式,复分析
解析函数局部幂级数展开的存在性,$Cauchy$定理和$Cauchy$公式,复分析
幂级数的简单应用,$Cauchy$定理和$Cauchy$公式,复分析
解析函数的零点孤立性,$Cauchy$定理和$Cauchy$公式,复分析
解析函数唯一性定理,$Cauchy$定理和$Cauchy$公式,复分析
$Morera$定理,$Cauchy$定理和$Cauchy$公式,复分析
平均值定理,$Cauchy$定理和$Cauchy$公式,复分析
最大模原理,$Cauchy$定理和$Cauchy$公式,复分析
$Schwarz$引理,$Cauchy$定理和$Cauchy$公式,复分析
单位圆盘的解析自同胚群,$Cauchy$定理和$Cauchy$公式,复分析
非欧几何简介,$Cauchy$定理和$Cauchy$公式,复分析
环形区域上解析函数的$Laurent$级数,$Laurent$级数,复分析
孤立奇点分类,$Laurent$级数,复分析
亚纯函数,$Laurent$级数,复分析
复平面的解析自同胚群,$Laurent$级数,复分析
扩充复平面的解析自同胚群,$Laurent$级数,复分析
留数定义及其计算,留数定理和辐角原理,复分析
幅角原理,留数定理和辐角原理,复分析
$Rouche$定理,留数定理和辐角原理,复分析
解析函数的零点个数估计,留数定理和辐角原理,复分析
单叶解析函数性质,留数定理和辐角原理,复分析
解析函数的开映射定理,留数定理和辐角原理,复分析
留数定理,留数定理和辐角原理,复分析
留数定理的应用,留数定理和辐角原理,复分析
解析开拓的幂级数方法,解析开拓,复分析
延曲线的解析开拓,解析开拓,复分析
单值性定理,解析开拓,复分析
对称原理,解析开拓,复分析
正规族,$Riemann$映射定理,复分析
$Montel$定理,$Riemann$映射定理,复分析
$Riemann$映射定理,$Riemann$映射定理,复分析
$Poisson$公式,调和函数简介,复分析
次调和函数,调和函数简介,复分析
$Dirichlet$问题,调和函数简介,复分析
距离空间,空间理论,泛函分析
线性赋范空间,空间理论,泛函分析
内积空间,空间理论,泛函分析
$Banach$空间,空间理论,泛函分析
$Hilbert$空间,空间理论,泛函分析
正交分解,空间理论,泛函分析
紧与列紧,空间理论,泛函分析
凸集与不动点,空间理论,泛函分析
线性算子与线性泛函的概念,线性算子与线性泛函,泛函分析
$Riesz$表示定理,线性算子与线性泛函,泛函分析
$Riesz$表示定理的应用,线性算子与线性泛函,泛函分析
纲性定理,线性算子与线性泛函,泛函分析
$Hahn-Banach$定理,线性算子与线性泛函,泛函分析
开映象定理,线性算子与线性泛函,泛函分析
$Banach$逆算子定理,线性算子与线性泛函,泛函分析
共鸣定理,线性算子与线性泛函,泛函分析
共鸣定理的应用,线性算子与线性泛函,泛函分析
闭图象定理,线性算子与线性泛函,泛函分析
共轭空间,线性算子与线性泛函,泛函分析
共轭算子,线性算子与线性泛函,泛函分析
强收敛,线性算子与线性泛函,泛函分析
弱收敛,线性算子与线性泛函,泛函分析
酉算子,线性算子与线性泛函,泛函分析
对称算子,线性算子与线性泛函,泛函分析
线性算子的谱,线性算子与线性泛函,泛函分析
谱半径,线性算子与线性泛函,泛函分析
紧算子的基本性质,紧算子与$Fredholm$算子,泛函分析
$Fredholm$算子的基本性质,紧算子与$Fredholm$算子,泛函分析
紧算子的谱理论,紧算子与$Fredholm$算子,泛函分析
$Fredholm$择一定律,紧算子与$Fredholm$算子,泛函分析
$Hilbert-Schmidt$定理,紧算子与$Fredholm$算子,泛函分析
微分方程及其解的定义,基本概念,常微分方程
解的几何解释,基本概念,常微分方程
恰当方程,初等积分法,常微分方程
变量分离方程,初等积分法,常微分方程
齐次方程,初等积分法,常微分方程
伯努利方程,初等积分法,常微分方程
黎卡提方程,初等积分法,常微分方程
积分因子法,初等积分法,常微分方程
一阶线性方程,初等积分法,常微分方程
一阶隐式微分方程的解法,初等积分法,常微分方程
$Clairaut$方程,初等积分法,常微分方程
$Lipschitz$条件,存在唯一性定理,常微分方程
$Picard$迭代序列,存在唯一性定理,常微分方程
$Picard$定理,存在唯一性定理,常微分方程
$Peano$定理,存在唯一性定理,常微分方程
解的最大存在区间,存在唯一性定理,常微分方程
解的延伸定理,存在唯一性定理,常微分方程
解对初值和参数的连续依赖性定理,存在唯一性定理,常微分方程
连续可微性定理,存在唯一性定理,常微分方程
对初值和参数的导数满足的微分方程,存在唯一性定理,常微分方程
解的线性相关,线性方程组,常微分方程
解的线性无关,线性方程组,常微分方程
齐次方程组解的结构,线性方程组,常微分方程
基本解矩阵,线性方程组,常微分方程
$Wronsky$行列式,线性方程组,常微分方程
$Liouville$公式,线性方程组,常微分方程
常数变易法,线性方程组,常微分方程
解的通解公式,线性方程组,常微分方程
常系数线性方程组的解法,线性方程组,常微分方程
常系数高阶线性方程的解法,线性方程组,常微分方程
矩阵指数函数exp,线性方程组,常微分方程
待定指数函数法,线性方程组,常微分方程
首次积分的定义,非线性高阶微分方程,常微分方程
首次积分的性质,非线性高阶微分方程,常微分方程
首次积分的存在性,非线性高阶微分方程,常微分方程
数学摆,非线性高阶微分方程,常微分方程
二体问题,非线性高阶微分方程,常微分方程
$Cauchy$定理,幂级数解法,常微分方程
幂级数解法,幂级数解法,常微分方程
广义幂级数解法,幂级数解法,常微分方程
$Sturm$比较定理,边值问题,常微分方程
二阶方程解的振动性的判别,边值问题,常微分方程
$Sturm-Liouville$边值问题,边值问题,常微分方程
特征值,边值问题,常微分方程
特征函数,边值问题,常微分方程
特征函数的正交性,边值问题,常微分方程
用对称解求方程的基本解,调和方程,偏微分方程
用$Stokes$公式求格林函数的存在性,调和方程,偏微分方程
平均值公式,调和方程,偏微分方程
第一边值解的格林表示,调和方程,偏微分方程
极值原理,调和方程,偏微分方程
强极值原理,调和方程,偏微分方程
$C^{0}$-模估计,调和方程,偏微分方程
能量$Sobelev$模估计,调和方程,偏微分方程
傅立叶变换原理,热方程,偏微分方程
用傅立叶变换法求方程的基本解,热方程,偏微分方程
用分离变量法求格林函数的存在性,热方程,偏微分方程
柯西问题的格林表示,热方程,偏微分方程
极值原理,热方程,偏微分方程
能量$Sobelev$模估计,热方程,偏微分方程
一维波的特征线法,波方程,偏微分方程
波的延拓法则,波方程,偏微分方程
高维波的平均法则,波方程,偏微分方程
分离变量法,波方程,偏微分方程
能量估计,波方程,偏微分方程
代数系统,引言与预备知识,高等代数I
数域,引言与预备知识,高等代数I
集合与映射,引言与预备知识,高等代数I
代数学基本定理,引言与预备知识,高等代数I
求和号与乘积号,引言与预备知识,高等代数I
线性方程组与消元法,引言与预备知识,高等代数I
$n$维向量空间,向量空间与矩阵,高等代数I
向量组的线性相关与线性无关,向量空间与矩阵,高等代数I
极大线性无关组与秩,向量空间与矩阵,高等代数I
矩阵的秩,向量空间与矩阵,高等代数I
线性方程组理论,向量空间与矩阵,高等代数I
矩阵运算,向量空间与矩阵,高等代数I
方阵,向量空间与矩阵,高等代数I
初等矩阵,向量空间与矩阵,高等代数I
逆矩阵,向量空间与矩阵,高等代数I
分块矩阵,向量空间与矩阵,高等代数I
$n$阶行列式的定义,行列式,高等代数I
行列式的性质,行列式,高等代数I
$Cramer$法则,行列式,高等代数I
矩阵的秩与子式的关系,行列式,高等代数I
行列式的完全展开,行列式,高等代数I
$Laplace$展开式与$Binet-Cauchy$公式,行列式,高等代数I
线性空间的基本概念,线性空间,高等代数I
基与维数,线性空间,高等代数I
坐标,线性空间,高等代数I
基变换,线性空间,高等代数I
坐标变换公式,线性空间,高等代数I
子空间,线性空间,高等代数I
子空间的交与和,线性空间,高等代数I
维数公式,线性空间,高等代数I
子空间的直和,线性空间,高等代数I
商空间,线性空间,高等代数I
线性映射的基本概念,线性变换,高等代数I
同构映射,线性变换,高等代数I
线性映射的像与核,线性变换,高等代数I
维数关系,线性变换,高等代数I
线性映射的运算与矩阵,线性变换,高等代数I
线性变换的基本概念,线性变换,高等代数I
线性变换的运算,线性变换,高等代数I
线性变换在不同基下的矩阵,线性变换,高等代数I
相似矩阵,线性变换,高等代数I
特征值与特征向量,线性变换,高等代数I
线性变换可对角化的条件,线性变换,高等代数I
不变子空间,线性变换,高等代数I
不变子空间的商空间上的诱导变换,线性变换,高等代数I
欧几里得算法,一元多项式环,高等代数II
不可约多项式与代数学基本定理,一元多项式环,高等代数II
$Gauss$引理与$Eisenstein$判别法,一元多项式环,高等代数II
多项式方程的根与系数的关系,一元多项式环,高等代数II
多元对称多项式的表示,一元多项式环,高等代数II
$Caylay-Hamilton$ 定理,多项式环的矩阵环与矩阵的相似标准型,高等代数II
矩阵的极小多项式,多项式环的矩阵环与矩阵的相似标准型,高等代数II
矩阵相似的判别法,多项式环的矩阵环与矩阵的相似标准型,高等代数II
多项式矩阵的相抵标准型,多项式环的矩阵环与矩阵的相似标准型,高等代数II
复数域上的矩阵的 $Jordan$ 标准型,多项式环的矩阵环与矩阵的相似标准型,高等代数II
欧氏空间和它的线性变换,带度量的空间,高等代数II
实双曲空间,带度量的空间,高等代数II
实度量空间的 $Witt$ 分解定理,带度量的空间,高等代数II
辛空间,带度量的空间,高等代数II
群、环、域的概念和简单性质,引言,抽象代数
对称群及交错群,群,抽象代数
子群和陪集,群,抽象代数
$Lagrange$ 定理,群,抽象代数
正规子群和商群,群,抽象代数
群的同构与同态,群,抽象代数
群的直积,群,抽象代数
群同态基本定理,群,抽象代数
循环群，换位子群，可解群，单群,群,抽象代数
群的自同构,群,抽象代数
群在集合上的作用,群,抽象代数
$Cayley$ 定理,群,抽象代数
$Sylow$定理,群,抽象代数
有限 Abel 群的结构,群,抽象代数
合成群列和自由群,群,抽象代数
环的类型和例,环,抽象代数
域的特征,环,抽象代数
子环和理想,环,抽象代数
商环,环,抽象代数
环同态基本定理,环,抽象代数
环的直和,环,抽象代数
中国剩余定理,环,抽象代数
素理想和极大理想,环,抽象代数
域的构造,环,抽象代数
分式域,环,抽象代数
唯一因子分解整环,环,抽象代数
主理想整环,环,抽象代数
$Euclid$ 整环,环,抽象代数
唯一因子分解整环上的多项式环,环,抽象代数
域扩张,域扩张,抽象代数
有限扩张,域扩张,抽象代数
代数扩张,域扩张,抽象代数
单扩张,域扩张,抽象代数
尺规作图问题,域扩张,抽象代数
分裂域,域扩张,抽象代数
正规扩张,域扩张,抽象代数
有限域,域扩张,抽象代数
域扩张的自同构,域扩张,抽象代数
$Galois$ 群，$Galois$ 理论简介,域扩张,抽象代数
模的定义与例,模与格简介,抽象代数
子模与商模,模与格简介,抽象代数
模的同态与同构,模与格简介,抽象代数
格的定义与例,模与格简介,抽象代数
模格与分配格,模与格简介,抽象代数
向量,向量代数,解析几何
向量的加法,向量代数,解析几何
向量的数量乘积,向量代数,解析几何
向量的分解,向量代数,解析几何
向量的线性运算和应用,向量代数,解析几何
向量的内积、外积和体积（混和积）,向量代数,解析几何
仿射坐标系和单位直角坐标系,空间解析几何,解析几何
坐标与方程,空间解析几何,解析几何
平面方程与直线方程,空间解析几何,解析几何
平面、直线间的位置关系,空间解析几何,解析几何
点到直线、平面的距离,空间解析几何,解析几何
异面直线间的公垂线及夹角,空间解析几何,解析几何
球面、旋转面、柱面、锥面、二次曲面、直纹面,空间解析几何,解析几何
平面和空间仿射坐标变换,二次曲线的分类,解析几何
平面和空间单位直角坐标变换,二次曲线的分类,解析几何
圆锥曲线,二次曲线的分类,解析几何
平面二次曲线,二次曲线的分类,解析几何
二次曲线的分类,二次曲线的分类,解析几何
二次曲线的中心、对称轴、切线和渐近线,二次曲线的分类,解析几何
平面和空间的变换,等距变换和仿射变换,解析几何
平面和空间的等距变换,等距变换和仿射变换,解析几何
平面间的 1-1 映射,等距变换和仿射变换,解析几何
平面间的等距映射,等距变换和仿射变换,解析几何
平面上的直线反射,等距变换和仿射变换,解析几何
旋转和平移,等距变换和仿射变换,解析几何
空间中的平面反射,等距变换和仿射变换,解析几何
旋转和平移,等距变换和仿射变换,解析几何
平面和空间图形的对称群,等距变换和仿射变换,解析几何
平面和空间的仿射变换,等距变换和仿射变换,解析几何
仿射变换诱导的向量空间的线性变换,等距变换和仿射变换,解析几何
仿射变换的不变性质、不变量,等距变换和仿射变换,解析几何
仿射变换的坐标表示,等距变换和仿射变换,解析几何
等距变换的坐标表示,等距变换和仿射变换,解析几何
中心投射,射影几何初步,解析几何
$Desarques$ 定理与$Pappus$ 定理,射影几何初步,解析几何
射影平面与射影变换,射影几何初步,解析几何
点线对偶,射影几何初步,解析几何
交比,射影几何初步,解析几何
圆锥曲线的射影理论,射影几何初步,解析几何
配极,射影几何初步,解析几何
射影坐标系及其应用,射影几何初步,解析几何
平面和空间的反演变换,双曲几何初步,解析几何
平面 $M?bius$ 变换群,双曲几何初步,解析几何
复分式变换,双曲几何初步,解析几何
复交比,双曲几何初步,解析几何
双曲平面,双曲几何初步,解析几何
双曲度量,双曲几何初步,解析几何
双曲变换群,双曲几何初步,解析几何
双曲三角形正弦,双曲几何初步,解析几何
余弦和面积公式,双曲几何初步,解析几何
整除关系与素数的基本性质,整数环,代数数论
整数环中的因子分解唯一性,整数环,代数数论
素数的无限性以及素数定理的简单介绍,整数环,代数数论
同余的概念和性质以及剩余类环的构造,整数环,代数数论
孙子定理及其推广,整数环,代数数论
$Fermat$小定理及其推广,整数环,代数数论
一次同余方程的解法,整数环,代数数论
二次剩余的概念和基本性质,整数环,代数数论
$Legendre$ 符号,整数环,代数数论
二次同余方程的解法,整数环,代数数论
模为素数的高次同余方程的若干基本性质,整数环,代数数论
原根和指标的概念及其简单应用,整数环,代数数论
欧氏环的定义和例子,代数整数环,代数数论
因子分解唯一性不成立的代数整数环的例子,代数整数环,代数数论
$Fermat$ 方程和理想概念的引入,代数整数环,代数数论
理想的一些基本运算规则,代数整数环,代数数论
理想的范数和素理想的概念,代数整数环,代数数论
理想分解的唯一性定理,代数整数环,代数数论
理想类群的基本概念及其与因子分解性质的联系,代数整数环,代数数论
有限域的概念以及有限域上的多项式环,代数整数环,代数数论
二次数域的整数环的构成,二次数域,代数数论
二次数域中的素理想的确定,二次数域,代数数论
二次数域中的单位群和 $Pell$ 方程的解法,二次数域,代数数论
二次数域中的理想与整系数二元二次型之间的对应关系,二次数域,代数数论
二次互反律的陈述与证明,二次数域,代数数论
二次互反律来描述素数在二次数域中的分解,二次数域,代数数论
三次与四次互反律的简单介绍,二次数域,代数数论
分圆域的基本概念,分圆域,代数数论
分圆域的次数与分圆多项式,分圆域,代数数论
分圆域在有理数域上的$Galois$群,分圆域,代数数论
$Dirichlet$特征标的概念与特征标群,分圆域,代数数论
$Gauss$和的基本性质以及$Gauss$求解 17 次单位根的方法,分圆域,代数数论
分圆域中的二次数域的确定,分圆域,代数数论
分圆域中的代数整数环,分圆域,代数数论
素数在分圆域的代数整数环中的分解,分圆域,代数数论
超越数的存在性,代数数与超越数,代数数论
e 和 pi 是超越数的证明,代数数与超越数,代数数论
$Liouville$定理和$Roth$定理的简单介绍,代数数与超越数,代数数论
$p$进绝对值和完备化的概念,$p$进数域,代数数论
$p$进数域的基本性质,$p$进数域,代数数论
$p$进数域上的函数,$p$进数域,代数数论
$p$进数域的扩张,$p$进数域,代数数论
仿射空间中的代数子集,基本概念,代数几何
代数集的仿射坐标环,基本概念,代数几何
仿射坐标环的一些代数性质,基本概念,代数几何
有理函数的概念,基本概念,代数几何
多项式映射与环同态之间的关系,基本概念,代数几何
有理映射的概念,基本概念,代数几何
射影空间和齐次坐标的概念,基本概念,代数几何
射影空间中的线性子空间及其交会关系,基本概念,代数几何
古典射影几何中的对偶原理,基本概念,代数几何
射影空间中的代数子集,基本概念,代数几何
射影代数子集之间的映射,基本概念,代数几何
超曲面上的正则点和奇异点,基本概念,代数几何
超曲面在正则点处的流形结构,基本概念,代数几何
有理函数域与有理性的概念,有理曲线与有理曲面,代数几何
双有理等价的基本性质,有理曲线与有理曲面,代数几何
一维函数域的$Luroth$定理,有理曲线与有理曲面,代数几何
二次曲线以及二次超曲面的有理性,有理曲线与有理曲面,代数几何
三次曲线的非有理性的代数证明,有理曲线与有理曲面,代数几何
三次曲面上的$27$条直线的存在性,有理曲线与有理曲面,代数几何
三次曲面是有理曲面的证明,有理曲线与有理曲面,代数几何
有奇异点的三次曲线和三次曲面的有理性,有理曲线与有理曲面,代数几何
某些高次曲线的有理性,有理曲线与有理曲面,代数几何
某些高次超曲面的单向有理性,有理曲线与有理曲面,代数几何
$Hilbert$零点定理的各种形式,$Hilbert$零点定理,代数几何
多项式环中的理想与仿射空间中的代数子集之间的对应关系,$Hilbert$零点定理,代数几何
不可约代数子集与素理想,$Hilbert$零点定理,代数几何
$Hilbert$零点定理的证明,$Hilbert$零点定理,代数几何
$Hilbert$零点定理的各种应用,$Hilbert$零点定理,代数几何
射影空间中的代数子集与齐次理想之间的对应关系,$Hilbert$零点定理,代数几何
古典消元理论中的基本定理,$Hilbert$零点定理,代数几何
任意交换环的谱空间,$Hilbert$零点定理,代数几何
$Zariski$拓扑的基本概念,$Hilbert$零点定理,代数几何
维数的代数定义和基本性质,$Hilbert$零点定理,代数几何
环的局部化概念,$Hilbert$零点定理,代数几何
一维正则局部环与曲线的正则点,$Hilbert$零点定理,代数几何
切线与拐点的定义和求法,平面代数曲线,代数几何
三次曲线上的加法群结构,平面代数曲线,代数几何
平面代数曲线的对偶曲线的概念和例子,平面代数曲线,代数几何
结点和尖点的概念,平面代数曲线,代数几何
奇异点处局部环的代数性质,平面代数曲线,代数几何
曲线的相交数问题,平面代数曲线,代数几何
$Bezout$ 定理的陈述与证明,平面代数曲线,代数几何
平面曲线的亏格概念,平面代数曲线,代数几何
亏格的双有理不变性,平面代数曲线,代数几何
平面曲线的亏格公式,平面代数曲线,代数几何
代数曲线理论与 $Riemann$ 曲面理论之间的关系,平面代数曲线,代数几何
三次曲线与椭圆函数以及椭圆积分之间的关系,平面代数曲线,代数几何
直纹面的例子,各种例子,代数几何
外代数的概念与 $Grassmann$ 流形,各种例子,代数几何
$Plucker$ 嵌入与 $Plucker$ 二次关系式,各种例子,代数几何
仿射代数群的基本概念,各种例子,代数几何
线性系的古典概念和例子,线性系的语言,代数几何
由线性系来定义有理映射的方法,线性系的语言,代数几何
线性系与线丛概念的密切联系,线性系的语言,代数几何
群论的基本概念,基本群论,群表示论
自同构群和半直积的概念,基本群论,群表示论
群的作用及一些应用,基本群论,群表示论
$Borel$ 子群,一般线性群,群表示论
$Weyl$ 子群,一般线性群,群表示论
抛物子群,一般线性群,群表示论
$Bruhat$ 分解,一般线性群,群表示论
"$SL（n,F）$及 $PSL（n,F）$",一般线性群,群表示论
群中关于某一个素数的局部理论,局部结构,群表示论
群的正规群列、合成列以及导出群列、中心群列,正规结构,群表示论
模的概念,半单代数,群表示论
半单代数的分类,半单代数,群表示论
指标的正交性,群表示,群表示论
诱导表示及其指标的计算,群表示,群表示论
指标理论在群论中的一个应用,群表示,群表示论
$R3$ 中的几何结构和代数结构,预备知识,微分几何
正则参数曲线,曲线论,微分几何
可容许参数变换,曲线论,微分几何
曲线的切线、定向,曲线论,微分几何
弧长公式和弧长参数,曲线论,微分几何
曲线的曲率,曲线论,微分几何
曲线的单位切向量,曲线论,微分几何
主法向量和次法向量,曲线论,微分几何
$Frenet$ 标架,曲线论,微分几何
曲线的挠率,曲线论,微分几何
Frenet 公式,曲线论,微分几何
一般参数下曲率,曲线论,微分几何
挠率和$Frenet$ 公式的计算,曲线论,微分几何
曲线在一点处的近似曲线和切触阶,曲线论,微分几何
曲线论基本定理及其证明,曲线论,微分几何
平面曲线的相对曲率,曲线论,微分几何
平面曲线的等周不等式,曲线论,微分几何
旋转指标定理,曲线论,微分几何
正则参数曲面,曲面的第一基本形式,微分几何
可容许的参数变换,曲面的第一基本形式,微分几何
曲面的定向,曲面的第一基本形式,微分几何
曲面的切平面,曲面的第一基本形式,微分几何
切向量、法线、单位法向量,曲面的第一基本形式,微分几何
曲面的第一基本形式,曲面的第一基本形式,微分几何
切向量的长度和夹角,曲面的第一基本形式,微分几何
曲面的面积,曲面的第一基本形式,微分几何
曲面上的向量场,曲面的第一基本形式,微分几何
曲面上的参数曲线网,曲面的第一基本形式,微分几何
曲面间的可微映射,曲面的第一基本形式,微分几何
可微映射诱导的切映射,曲面的第一基本形式,微分几何
曲面间保长对应、保角对应,曲面的第一基本形式,微分几何
可展曲面的例子,曲面的第一基本形式,微分几何
直纹面可展的条件,曲面的第一基本形式,微分几何
可展面的分类,曲面的第一基本形式,微分几何
可展面和平面的保长对应,曲面的第一基本形式,微分几何
曲面的第二基本形式,曲面的第二基本形式,微分几何
平面和球面的特征,曲面的第二基本形式,微分几何
曲面上沿切方向的法曲率、渐近方向,曲面的第二基本形式,微分几何
$Gauss$ 映射,曲面的第二基本形式,微分几何
$Weingarten$ 算子,曲面的第二基本形式,微分几何
主曲率和主方向,曲面的第二基本形式,微分几何
法曲率的 Euler 公式,曲面的第二基本形式,微分几何
曲率线,曲面的第二基本形式,微分几何
主曲率和主方向的计算,曲面的第二基本形式,微分几何
平均曲率和 $Gauss$ 曲率,曲面的第二基本形式,微分几何
曲面在一点处的近似曲面,曲面的第二基本形式,微分几何
$Dupin$ 标形,曲面的第二基本形式,微分几何
常 Gauss 曲率曲面,曲面的第二基本形式,微分几何
常中曲率曲面,曲面的第二基本形式,微分几何
极小曲面,曲面的第二基本形式,微分几何
曲面的 $Gauss$ 方程和$Weingarten$ 方程,曲面论基本定理,微分几何
$Christoffel$ 符号,曲面论基本定理,微分几何
一阶偏微分方程的可积性条件,曲面论基本定理,微分几何
曲面不变量的 $Gauss$ 方程、$Codazzi$ 方程,曲面论基本定理,微分几何
曲面论基本定理：存在性和唯一性,曲面论基本定理,微分几何
$Gauss$ 定理,曲面论基本定理,微分几何
曲面上的曲线、测度曲率、测度挠率,测地曲率和测地线,微分几何
测地曲率的$ Liouville$ 公式,测地曲率和测地线,微分几何
测地线及其微分方程,测地曲率和测地线,微分几何
测地平行坐标系,测地曲率和测地线,微分几何
测地极坐标系,测地曲率和测地线,微分几何
常曲率曲面的第一基本形式,测地曲率和测地线,微分几何
"$Gauss-Bonnet$ 公式,证明和应用",测地曲率和测地线,微分几何
球面,古典数学的微分流形例子,微分流形
射影空间,古典数学的微分流形例子,微分流形
代数流形,古典数学的微分流形例子,微分流形
李群,古典数学的微分流形例子,微分流形
齐次空间,古典数学的微分流形例子,微分流形
$Riemann$ 流形,古典数学的微分流形例子,微分流形
复流形,古典数学的微分流形例子,微分流形
主丛,古典数学的微分流形例子,微分流形
纤维丛,古典数学的微分流形例子,微分流形
切空间,微分流形基本理论,微分流形
余切空间,微分流形基本理论,微分流形
向量场,微分流形基本理论,微分流形
微分形式,微分流形基本理论,微分流形
$DeRham$ 理论介绍,微分流形基本理论,微分流形
$Frobenius$ 定理,微分流形基本理论,微分流形
叶状结构介绍,微分流形基本理论,微分流形
拓扑空间及其中的常用概念,拓扑空间与连续性,拓扑学
度量拓扑,拓扑空间与连续性,拓扑学
子空间拓扑,拓扑空间与连续性,拓扑学
连续映射的定义,拓扑空间与连续性,拓扑学
判定及常用构造方法,拓扑空间与连续性,拓扑学
同胚映射,拓扑空间与连续性,拓扑学
乘积空间,拓扑空间与连续性,拓扑学
商空间,拓扑空间与连续性,拓扑学
$Mobius$ 带,拓扑空间与连续性,拓扑学
射影平面等典型空间的定义及制作,拓扑空间与连续性,拓扑学
分离性和可数性,几个重要的拓扑性质,拓扑学
度量化,几个重要的拓扑性质,拓扑学
$Tietze$ 扩张定理,几个重要的拓扑性质,拓扑学
$Urysohn $度量化定理,几个重要的拓扑性质,拓扑学
紧致性,几个重要的拓扑性质,拓扑学
紧致空间的性质,几个重要的拓扑性质,拓扑学
乘积空间与紧致性,几个重要的拓扑性质,拓扑学
商空间与紧致性,几个重要的拓扑性质,拓扑学
列紧性,几个重要的拓扑性质,拓扑学
连通空间的性质,几个重要的拓扑性质,拓扑学
连通分支,几个重要的拓扑性质,拓扑学
道路连通性,几个重要的拓扑性质,拓扑学
道路分支,几个重要的拓扑性质,拓扑学
用拓扑性质判断空间的不同胚,几个重要的拓扑性质,拓扑学
闭曲面,曲面,拓扑学
紧致曲面,曲面,拓扑学
可定向及不可定向曲面,曲面,拓扑学
曲面的连通和,曲面,拓扑学
曲面的欧拉示性数,曲面,拓扑学
闭曲面及紧致带边曲面的分类定理结论,曲面,拓扑学
曲面类型的判别,曲面,拓扑学
映射的同伦,同伦与基本群,拓扑学
道路的定端同伦,同伦与基本群,拓扑学
道路类,同伦与基本群,拓扑学
基本群,同伦与基本群,拓扑学
续映射诱导的基本群同态,同伦与基本群,拓扑学
基点对基本群的影响,同伦与基本群,拓扑学
圆周的基本群,同伦与基本群,拓扑学
空间的同伦等价,同伦与基本群,拓扑学
形变收缩和可缩空间,同伦与基本群,拓扑学
基本群的同伦不变性,同伦与基本群,拓扑学
有限表出群简介,同伦与基本群,拓扑学
$van Kampen$ 定理的结论,同伦与基本群,拓扑学
圆束、闭曲面及 $n$ 维球面基本群的计算,同伦与基本群,拓扑学
基本群应用的几个经典例子,同伦与基本群,拓扑学
复叠映射,复叠空间,拓扑学
复叠空间,复叠空间,拓扑学
提升唯一性定理,复叠空间,拓扑学
复叠空间的基本群,复叠空间,拓扑学
同伦提升定理,复叠空间,拓扑学
映射提升定理,复叠空间,拓扑学
复叠变换,复叠空间,拓扑学
正则复叠空间、万有复叠空间,复叠空间,拓扑学
数理统计学简介,数理统计学简介,数理统计
数理统计的基本概念与研究对象,数理统计学简介,数理统计
参数估计的方法,估计理论,数理统计
估计的优良性标准,估计理论,数理统计
置信区间,估计理论,数理统计
分布函数与密度函数的估计,估计理论,数理统计
问题的提法与基本概念,假设检验,数理统计
$N-P$ 引理及似然比检验法,假设检验,数理统计
单参数情形的几个典型假设检验问题,假设检验,数理统计
广义似然比检验法,假设检验,数理统计
拟合优度检验,假设检验,数理统计
最小二乘法,线性模型与回归分析,数理统计
一元线性回归,线性模型与回归分析,数理统计
线性模型的参数估计,线性模型与回归分析,数理统计
线性模型的假设检验,线性模型与回归分析,数理统计
多元回归分析,线性模型与回归分析,数理统计
全面试验的方差分析,试验设计与方差分析,数理统计
可加模型与正交设计,试验设计与方差分析,数理统计
马氏链定义,离散时间马氏链,随机过程
转移阵,离散时间马氏链,随机过程
状态的分类,离散时间马氏链,随机过程
常返与非常返,离散时间马氏链,随机过程
停时,离散时间马氏链,随机过程
强马氏性,离散时间马氏链,随机过程
强大数律,离散时间马氏链,随机过程
收敛速度,离散时间马氏链,随机过程
不变分布和可逆分布,离散时间马氏链,随机过程
随机游动,离散时间马氏链,随机过程
首中分布,离散时间马氏链,随机过程
反射原理,离散时间马氏链,随机过程
Wald 引理,离散时间马氏链,随机过程
格林函数,离散时间马氏链,随机过程
分支过程,离散时间马氏链,随机过程
泊松过程性质,泊松过程,随机过程
泊松过程与指数分布的关系,泊松过程,随机过程
非时齐泊松过程,泊松过程,随机过程
复合泊松过程,泊松过程,随机过程
转移速率,连续时间参数马氏过程,随机过程
向前方程和向后方程,连续时间参数马氏过程,随机过程
嵌入链与骨架过程,连续时间参数马氏过程,随机过程
极限分布,连续时间参数马氏过程,随机过程
可逆性,连续时间参数马氏过程,随机过程
生灭过程,连续时间参数马氏过程,随机过程
排队系统,连续时间参数马氏过程,随机过程
布朗运动的刻画与轨道性质,布朗运动,随机过程
牛顿位势,布朗运动,随机过程
热方程,布朗运动,随机过程
高斯系,布朗运动,随机过程
布朗桥,布朗运动,随机过程
$OU$ 过程,布朗运动,随机过程
随机事件,古典概型与概率空间,概率论
古典概型,古典概型与概率空间,概率论
几何概型,古典概型与概率空间,概率论
概率空间,古典概型与概率空间,概率论
概率的性质,古典概型与概率空间,概率论
条件概率,古典概型与概率空间,概率论
乘法公式,古典概型与概率空间,概率论
独立性,古典概型与概率空间,概率论
全概率公式,古典概型与概率空间,概率论
贝叶斯公式,古典概型与概率空间,概率论
概率模型,古典概型与概率空间,概率论
一维随机变量,随机变量与概率分布,概率论
离散型随机变量,随机变量与概率分布,概率论
连续型随机变量概率分布函数,随机变量与概率分布,概率论
随机变量函数的分布,随机变量与概率分布,概率论
离散型随机向量及其分布,随机向量及其分布,概率论
连续型随机向量及其联合密度,随机向量及其分布,概率论
随机向量函数的分布,随机向量及其分布,概率论
随机变量独立性定义,随机向量及其分布,概率论
条件分布和条件密度,随机向量及其分布,概率论
数学期望,数学期望与方差,概率论
方差,数学期望与方差,概率论
协方差与相关系数,数学期望与方差,概率论
条件数学期望与最佳预测,数学期望与方差,概率论
概率母函数,概率极限理论,概率论
特征函数,概率极限理论,概率论
弱大数定律,概率极限理论,概率论
强大数定律,概率极限理论,概率论
$Borel-Cantalli$ 引理,概率极限理论,概率论
中心极限定理,概率极限理论,概率论
随机变量四种收敛性定义及相互关系,概率极限理论,概率论
集合的运算律,集合,集合论
容斥原理,集合,集合论
集合列的极限,集合,集合论
可数集与不可数集,基数,集合论
基数的比较,基数,集合论
$Cantor-Bernstein$ 定理,基数,集合论
基数的性质,基数,集合论
连续统假设,基数,集合论
$Cantor$ 定理,基数,集合论
二元关系的运算,二元关系,集合论
性质与闭包,二元关系,集合论
等价关系与集合的划分,二元关系,集合论
偏序关系,二元关系,集合论
链与反链,二元关系,集合论
良序与超限归纳原理,二元关系,集合论
格的偏序特征与代数结构及其等价性,布尔代数,集合论
子格,布尔代数,集合论
格的同态与同构,布尔代数,集合论
模格,布尔代数,集合论
分配格,布尔代数,集合论
有补格,布尔代数,集合论
布尔代数,布尔代数,集合论
$Stone$ 表示定理,布尔代数,集合论
布尔函数,布尔代数,集合论
析取范式与合取范式,布尔代数,集合论
道路与回路概述,道路与回路,图论
图的连通性,道路与回路,图论
连通度,道路与回路,图论
$Menger$ 定理,道路与回路,图论
可靠通讯网的构作,道路与回路,图论
最短道路,道路与回路,图论
$Dijkstra$ 算法,道路与回路,图论
$Warshall-Floyd$ 算法,道路与回路,图论
$Euler$ 图,道路与回路,图论
$DeBruijn$ 序列,道路与回路,图论
$Hamilton$ 图,道路与回路,图论
$k$-方体与$Gray$码,道路与回路,图论
树的特征,树,图论
回路系统与割集系统,树,图论
基本树变换,树,图论
最小生成树,树,图论
$Kruskal$算法,树,图论
$Prim$算法,树,图论
根树,树,图论
哈夫曼树与编码,树,图论
平面图的性质,平面图与图的着色,图论
图的可平面性判定,平面图与图的着色,图论
对偶图,平面图与图的着色,图论
点着色,平面图与图的着色,图论
边着色,平面图与图的着色,图论
平面图的域着色,平面图与图的着色,图论
四色定理,平面图与图的着色,图论
图的匹配与可增广道路,匹配，网络,图论
二部图的匹配,匹配，网络,图论
匈牙利算法,匹配，网络,图论
网络,匹配，网络,图论
可行流,匹配，网络,图论
最大流与最小割切,匹配，网络,图论
$Edmonds-Karp$算法,匹配，网络,图论
绝对误差与相对误差,误差理论,数值分析
误差对计算的影响,误差理论,数值分析
稳定性,误差理论,数值分析
$Lagrange$插值,函数逼近,数值分析
$Newton$插值,函数逼近,数值分析
分段低阶多项式插值,函数逼近,数值分析
$ENO$插值,函数逼近,数值分析
最小二乘多项式拟合,函数逼近,数值分析
最佳平方逼近,函数逼近,数值分析
正交多项式,函数逼近,数值分析
数值微分,数值微分与数值积分,数值分析
矩形公式,数值微分与数值积分,数值分析
梯形公式与$Simpson$公式,数值微分与数值积分,数值分析
复合求积法与$Romberg$积分,数值微分与数值积分,数值分析
$Gauss$ 积分,数值微分与数值积分,数值分析
周期函数积分的谱精度,数值微分与数值积分,数值分析
二分法,非线性方程的数值解法,数值分析
对方程的 $Newton$ 法,非线性方程的数值解法,数值分析
对方程组的 $Newton$ 法及拟 $Newton$ 法,非线性方程的数值解法,数值分析
$Euler$ 法,常微分方程数值解法,数值分析
预估-校正法,常微分方程数值解法,数值分析
$Runge-Kutta$ 方法,常微分方程数值解法,数值分析
线性多步法,常微分方程数值解法,数值分析
辛算法,常微分方程数值解法,数值分析
离散$Fourier$级数,常微分方程数值解法,数值分析
快速$Fourier$变换,常微分方程数值解法,数值分析
伪随机数发生器,常微分方程数值解法,数值分析
减小方差技巧,常微分方程数值解法,数值分析
$Metropolis$ 算法,常微分方程数值解法,数值分析
命题和连接符,非形式命题演算,数理逻辑
真值函数和真值表,非形式命题演算,数理逻辑
操作和替换规则,非形式命题演算,数理逻辑
范式,非形式命题演算,数理逻辑
连接符的完备集,非形式命题演算,数理逻辑
推理及有效性,非形式命题演算,数理逻辑
形式系统$L$,形式命题演算,数理逻辑
$L$的完备性定理,形式命题演算,数理逻辑
谓词和量词,非形式谓词演算,数理逻辑
一阶语言,非形式谓词演算,数理逻辑
解释,非形式谓词演算,数理逻辑
可满足性和真值,非形式谓词演算,数理逻辑
斯科林化,非形式谓词演算,数理逻辑
形式系统$KL$,形式谓词演算,数理逻辑
等价和替换,形式谓词演算,数理逻辑
前束范式,形式谓词演算,数理逻辑
$K$的完全性定理,形式谓词演算,数理逻辑
模型,形式谓词演算,数理逻辑
带等词的一阶系统,数学系统,数理逻辑
群论,数学系统,数理逻辑
一阶算术,数学系统,数理逻辑
形式集论,数学系统,数理逻辑
一致性和模型,数学系统,数理逻辑
可表达性,哥德尔不完全性定理,数理逻辑
递归函数和关系,哥德尔不完全性定理,数理逻辑
哥德尔数,哥德尔不完全性定理,数理逻辑
不完备性证明,哥德尔不完全性定理,数理逻辑
算法与可计算性,"可计算性, 不可解性, 不可判定性",数理逻辑
图灵机,"可计算性, 不可解性, 不可判定性",数理逻辑
字问题,"可计算性, 不可解性, 不可判定性",数理逻辑
形式系统的不可判定性,"可计算性, 不可解性, 不可判定性",数理逻辑
