name,no,course
函数,1,数学分析I
序列极限,2,数学分析I
函数的极限与连续性,3,数学分析I
导数和微分,4,数学分析I
导数的应用,5,数学分析I
不定积分,6,数学分析I
定积分,7,数学分析I
数项级数,1,数学分析II
函数序列与函数级数,2,数学分析II
幂级数,3,数学分析II
$Fourier$级数,4,数学分析II
"$\mathbb{R}^{n} $中的点集拓扑初步,连续函数",1,数学分析III
多元函数微分学,2,数学分析III
隐函数定理,3,数学分析III
多元函数的极值问题,4,数学分析III
重积分,5,数学分析III
"曲线积分,曲面积分与场论初步",6,数学分析III
集合与欧氏空间的点集,1,实分析
$Lebesgue$测度,2,实分析
可测函数与可测函数列的收敛,3,实分析
$Lebesgue$积分,4,实分析
微分与积分的关系,5,实分析
$L_{p}$空间,6,实分析
复数及扩充复平面,1,复分析
解析函数定义及基本性质,2,复分析
$Cauchy$定理和$Cauchy$公式,3,复分析
$Laurent$级数,4,复分析
留数定理和辐角原理,5,复分析
解析开拓,6,复分析
$Riemann$映射定理,7,复分析
调和函数简介,8,复分析
空间理论,1,泛函分析
线性算子与线性泛函,2,泛函分析
紧算子与$Fredholm$算子,3,泛函分析
基本概念,1,常微分方程
初等积分法,2,常微分方程
存在唯一性定理,3,常微分方程
线性方程组,4,常微分方程
非线性高阶微分方程,5,常微分方程
幂级数解法,6,常微分方程
边值问题,7,常微分方程
调和方程,1,偏微分方程
热方程,2,偏微分方程
波方程,3,偏微分方程
引言与预备知识,1,高等代数I
向量空间与矩阵,2,高等代数I
行列式,3,高等代数I
线性空间,4,高等代数I
线性变换,5,高等代数I
一元多项式环,1,高等代数II
多项式环的矩阵环与矩阵的相似标准型,2,高等代数II
线性空间与线性变换（映射）,3,高等代数II
线性变换的$Jordan$标准型,4,高等代数II
线性空间的对偶空间与线性空间的双线性函数,5,高等代数II
带度量的空间,6,高等代数II
引言,1,抽象代数
群,2,抽象代数
环,3,抽象代数
域扩张,4,抽象代数
模与格简介,5,抽象代数
向量代数,1,解析几何
空间解析几何,2,解析几何
二次曲线的分类,3,解析几何
等距变换和仿射变换,4,解析几何
射影几何初步,5,解析几何
双曲几何初步,6,解析几何
整数环,1,代数数论
代数整数环,2,代数数论
二次数域,3,代数数论
分圆域,4,代数数论
代数数与超越数,5,代数数论
$p$进数域,6,代数数论
基本概念,1,代数几何
有理曲线与有理曲面,2,代数几何
$Hilbert$零点定理,3,代数几何
平面代数曲线,4,代数几何
各种例子,5,代数几何
线性系的语言,6,代数几何
基本群论,1,群表示论
一般线性群,2,群表示论
局部结构,3,群表示论
正规结构,4,群表示论
半单代数,5,群表示论
群表示,6,群表示论
预备知识,1,微分几何
曲线论,2,微分几何
曲面的第一基本形式,3,微分几何
曲面的第二基本形式,4,微分几何
曲面论基本定理,5,微分几何
测地曲率和测地线,6,微分几何
古典数学的微分流形例子,1,微分流形
微分流形基本理论,2,微分流形
拓扑空间与连续性,1,拓扑学
几个重要的拓扑性质,2,拓扑学
曲面,3,拓扑学
同伦与基本群,4,拓扑学
复叠空间,5,拓扑学
古典概型与概率空间,1,概率论
随机变量与概率分布,2,概率论
随机向量及其分布,3,概率论
数学期望与方差,4,概率论
概率极限理论,5,概率论
数理统计学简介,1,数理统计
估计理论,2,数理统计
假设检验,3,数理统计
线性模型与回归分析,4,数理统计
试验设计与方差分析,5,数理统计
序贯分析简介,6,数理统计
统计决策与贝叶斯统计简介,7,数理统计
离散时间马氏链,1,随机过程
泊松过程,2,随机过程
连续时间参数马氏过程,3,随机过程
布朗运动,4,随机过程
数理逻辑绪论,1,数理逻辑
非形式命题演算,2,数理逻辑
形式命题演算,3,数理逻辑
非形式谓词演算,4,数理逻辑
形式谓词演算,5,数理逻辑
数学系统,6,数理逻辑
哥德尔不完全性定理,7,数理逻辑
"可计算性, 不可解性, 不可判定性",8,数理逻辑
集合,1,集合论
基数,2,集合论
二元关系,3,集合论
布尔代数,4,集合论
图的概念，运算与表示,1,图论
道路与回路,2,图论
树,3,图论
平面图与图的着色,4,图论
匹配，网络,5,图论
误差理论,1,数值分析
函数逼近,2,数值分析
数值微分与数值积分,3,数值分析
非线性方程的数值解法,4,数值分析
常微分方程数值解法,5,数值分析
快速算法,6,数值分析
$Monte Carlo$方法,7,数值分析
